{"cities":{"Móstoles":{"boundingBox":[["-3.892556","40.343987"],["-3.842706","40.302262"]],"pieces":{"piece--0-0":{"boundingBox":[[-3.892556,40.343987],[-3.887571,40.339814499999996]],"centerPoint":[-3.8900635,40.34190074999999]},"piece--0-1":{"boundingBox":[[-3.892556,40.339814499999996],[-3.887571,40.33564199999999]],"centerPoint":[-3.8900635,40.33772825]},"piece--0-2":{"boundingBox":[[-3.892556,40.335642],[-3.887571,40.3314695]],"centerPoint":[-3.8900635,40.33355575]},"piece--0-3":{"boundingBox":[[-3.892556,40.3314695],[-3.887571,40.327296999999994]],"centerPoint":[-3.8900635,40.32938324999999]},"piece--0-4":{"boundingBox":[[-3.892556,40.327297],[-3.887571,40.3231245]],"centerPoint":[-3.8900635,40.32521075]},"piece--0-5":{"boundingBox":[[-3.892556,40.3231245],[-3.887571,40.318951999999996]],"centerPoint":[-3.8900635,40.32103825]},"piece--0-6":{"boundingBox":[[-3.892556,40.318951999999996],[-3.887571,40.31477949999999]],"centerPoint":[-3.8900635,40.31686574999999]},"piece--0-7":{"boundingBox":[[-3.892556,40.3147795],[-3.887571,40.310607]],"centerPoint":[-3.8900635,40.312693249999995]},"piece--0-8":{"boundingBox":[[-3.892556,40.310607],[-3.887571,40.306434499999995]],"centerPoint":[-3.8900635,40.30852075]},"piece--0-9":{"boundingBox":[[-3.892556,40.3064345],[-3.887571,40.302262]],"centerPoint":[-3.8900635,40.304348250000004]},"piece--1-0":{"boundingBox":[[-3.887571,40.343987],[-3.882586,40.339814499999996]],"centerPoint":[-3.8850784999999997,40.34190074999999]},"piece--1-1":{"boundingBox":[[-3.887571,40.339814499999996],[-3.882586,40.33564199999999]],"centerPoint":[-3.8850784999999997,40.33772825]},"piece--1-2":{"boundingBox":[[-3.887571,40.335642],[-3.882586,40.3314695]],"centerPoint":[-3.8850784999999997,40.33355575]},"piece--1-3":{"boundingBox":[[-3.887571,40.3314695],[-3.882586,40.327296999999994]],"centerPoint":[-3.8850784999999997,40.32938324999999]},"piece--1-4":{"boundingBox":[[-3.887571,40.327297],[-3.882586,40.3231245]],"centerPoint":[-3.8850784999999997,40.32521075]},"piece--1-5":{"boundingBox":[[-3.887571,40.3231245],[-3.882586,40.318951999999996]],"centerPoint":[-3.8850784999999997,40.32103825]},"piece--1-6":{"boundingBox":[[-3.887571,40.318951999999996],[-3.882586,40.31477949999999]],"centerPoint":[-3.8850784999999997,40.31686574999999]},"piece--1-7":{"boundingBox":[[-3.887571,40.3147795],[-3.882586,40.310607]],"centerPoint":[-3.8850784999999997,40.312693249999995]},"piece--1-8":{"boundingBox":[[-3.887571,40.310607],[-3.882586,40.306434499999995]],"centerPoint":[-3.8850784999999997,40.30852075]},"piece--1-9":{"boundingBox":[[-3.887571,40.3064345],[-3.882586,40.302262]],"centerPoint":[-3.8850784999999997,40.304348250000004]},"piece--2-0":{"boundingBox":[[-3.882586,40.343987],[-3.877601,40.339814499999996]],"centerPoint":[-3.8800935,40.34190074999999]},"piece--2-1":{"boundingBox":[[-3.882586,40.339814499999996],[-3.877601,40.33564199999999]],"centerPoint":[-3.8800935,40.33772825]},"piece--2-2":{"boundingBox":[[-3.882586,40.335642],[-3.877601,40.3314695]],"centerPoint":[-3.8800935,40.33355575]},"piece--2-3":{"boundingBox":[[-3.882586,40.3314695],[-3.877601,40.327296999999994]],"centerPoint":[-3.8800935,40.32938324999999]},"piece--2-4":{"boundingBox":[[-3.882586,40.327297],[-3.877601,40.3231245]],"centerPoint":[-3.8800935,40.32521075]},"piece--2-5":{"boundingBox":[[-3.882586,40.3231245],[-3.877601,40.318951999999996]],"centerPoint":[-3.8800935,40.32103825]},"piece--2-6":{"boundingBox":[[-3.882586,40.318951999999996],[-3.877601,40.31477949999999]],"centerPoint":[-3.8800935,40.31686574999999]},"piece--2-7":{"boundingBox":[[-3.882586,40.3147795],[-3.877601,40.310607]],"centerPoint":[-3.8800935,40.312693249999995]},"piece--2-8":{"boundingBox":[[-3.882586,40.310607],[-3.877601,40.306434499999995]],"centerPoint":[-3.8800935,40.30852075]},"piece--2-9":{"boundingBox":[[-3.882586,40.3064345],[-3.877601,40.302262]],"centerPoint":[-3.8800935,40.304348250000004]},"piece--3-0":{"boundingBox":[[-3.877601,40.343987],[-3.872616,40.339814499999996]],"centerPoint":[-3.8751084999999996,40.34190074999999]},"piece--3-1":{"boundingBox":[[-3.877601,40.339814499999996],[-3.872616,40.33564199999999]],"centerPoint":[-3.8751084999999996,40.33772825]},"piece--3-2":{"boundingBox":[[-3.877601,40.335642],[-3.872616,40.3314695]],"centerPoint":[-3.8751084999999996,40.33355575]},"piece--3-3":{"boundingBox":[[-3.877601,40.3314695],[-3.872616,40.327296999999994]],"centerPoint":[-3.8751084999999996,40.32938324999999]},"piece--3-4":{"boundingBox":[[-3.877601,40.327297],[-3.872616,40.3231245]],"centerPoint":[-3.8751084999999996,40.32521075]},"piece--3-5":{"boundingBox":[[-3.877601,40.3231245],[-3.872616,40.318951999999996]],"centerPoint":[-3.8751084999999996,40.32103825]},"piece--3-6":{"boundingBox":[[-3.877601,40.318951999999996],[-3.872616,40.31477949999999]],"centerPoint":[-3.8751084999999996,40.31686574999999]},"piece--3-7":{"boundingBox":[[-3.877601,40.3147795],[-3.872616,40.310607]],"centerPoint":[-3.8751084999999996,40.312693249999995]},"piece--3-8":{"boundingBox":[[-3.877601,40.310607],[-3.872616,40.306434499999995]],"centerPoint":[-3.8751084999999996,40.30852075]},"piece--3-9":{"boundingBox":[[-3.877601,40.3064345],[-3.872616,40.302262]],"centerPoint":[-3.8751084999999996,40.304348250000004]},"piece--4-0":{"boundingBox":[[-3.872616,40.343987],[-3.867631,40.339814499999996]],"centerPoint":[-3.8701235,40.34190074999999]},"piece--4-1":{"boundingBox":[[-3.872616,40.339814499999996],[-3.867631,40.33564199999999]],"centerPoint":[-3.8701235,40.33772825]},"piece--4-2":{"boundingBox":[[-3.872616,40.335642],[-3.867631,40.3314695]],"centerPoint":[-3.8701235,40.33355575]},"piece--4-3":{"boundingBox":[[-3.872616,40.3314695],[-3.867631,40.327296999999994]],"centerPoint":[-3.8701235,40.32938324999999]},"piece--4-4":{"boundingBox":[[-3.872616,40.327297],[-3.867631,40.3231245]],"centerPoint":[-3.8701235,40.32521075]},"piece--4-5":{"boundingBox":[[-3.872616,40.3231245],[-3.867631,40.318951999999996]],"centerPoint":[-3.8701235,40.32103825]},"piece--4-6":{"boundingBox":[[-3.872616,40.318951999999996],[-3.867631,40.31477949999999]],"centerPoint":[-3.8701235,40.31686574999999]},"piece--4-7":{"boundingBox":[[-3.872616,40.3147795],[-3.867631,40.310607]],"centerPoint":[-3.8701235,40.312693249999995]},"piece--4-8":{"boundingBox":[[-3.872616,40.310607],[-3.867631,40.306434499999995]],"centerPoint":[-3.8701235,40.30852075]},"piece--4-9":{"boundingBox":[[-3.872616,40.3064345],[-3.867631,40.302262]],"centerPoint":[-3.8701235,40.304348250000004]},"piece--5-0":{"boundingBox":[[-3.8676310000000003,40.343987],[-3.8626460000000002,40.339814499999996]],"centerPoint":[-3.8651385000000005,40.34190074999999]},"piece--5-1":{"boundingBox":[[-3.8676310000000003,40.339814499999996],[-3.8626460000000002,40.33564199999999]],"centerPoint":[-3.8651385000000005,40.33772825]},"piece--5-2":{"boundingBox":[[-3.8676310000000003,40.335642],[-3.8626460000000002,40.3314695]],"centerPoint":[-3.8651385000000005,40.33355575]},"piece--5-3":{"boundingBox":[[-3.8676310000000003,40.3314695],[-3.8626460000000002,40.327296999999994]],"centerPoint":[-3.8651385000000005,40.32938324999999]},"piece--5-4":{"boundingBox":[[-3.8676310000000003,40.327297],[-3.8626460000000002,40.3231245]],"centerPoint":[-3.8651385000000005,40.32521075]},"piece--5-5":{"boundingBox":[[-3.8676310000000003,40.3231245],[-3.8626460000000002,40.318951999999996]],"centerPoint":[-3.8651385000000005,40.32103825]},"piece--5-6":{"boundingBox":[[-3.8676310000000003,40.318951999999996],[-3.8626460000000002,40.31477949999999]],"centerPoint":[-3.8651385000000005,40.31686574999999]},"piece--5-7":{"boundingBox":[[-3.8676310000000003,40.3147795],[-3.8626460000000002,40.310607]],"centerPoint":[-3.8651385000000005,40.312693249999995]},"piece--5-8":{"boundingBox":[[-3.8676310000000003,40.310607],[-3.8626460000000002,40.306434499999995]],"centerPoint":[-3.8651385000000005,40.30852075]},